<?xml version="1.0" encoding="UTF-8"?>
<project-private xmlns="http://www.netbeans.org/ns/project-private/1">
    <editor-bookmarks xmlns="http://www.netbeans.org/ns/editor-bookmarks/2" lastBookmarkId="0"/>
    <open-files xmlns="http://www.netbeans.org/ns/projectui-open-files/2">
        <group>
            <file>file:/C:/Users/USER/OneDrive/Escritorio/Nueva%20carpeta%20(9)/WebAppJDBC/src/java/myrsi/servlets/EntidadDAOImpl.java</file>
            <file>file:/C:/Users/USER/OneDrive/Escritorio/Nueva%20carpeta%20(9)/WebAppJDBC/src/java/myrsi/servlets/ServletEscuelas.java</file>
            <file>file:/C:/Users/USER/OneDrive/Escritorio/Nueva%20carpeta%20(9)/WebAppJDBC/src/java/myrsi/servlets/ConexionMySQL.java</file>
            <file>file:/C:/Users/USER/OneDrive/Escritorio/Nueva%20carpeta%20(9)/WebAppJDBC/nbproject/build-impl.xml</file>
        </group>
    </open-files>
</project-private>
