<?xml version="1.0" encoding="UTF-8"?>
<project-private xmlns="http://www.netbeans.org/ns/project-private/1">
    <editor-bookmarks xmlns="http://www.netbeans.org/ns/editor-bookmarks/2" lastBookmarkId="0"/>
    <open-files xmlns="http://www.netbeans.org/ns/projectui-open-files/2">
        <group>
            <file>file:/C:/Users/maxim/OneDrive/Documentos/NetBeansProjects/Basedatos2/src/java/mrysi/servlets/ServletEscuela.java</file>
            <file>file:/C:/Users/maxim/OneDrive/Documentos/NetBeansProjects/Basedatos2/src/java/mrysi/beans/Grado.java</file>
            <file>file:/C:/Users/maxim/OneDrive/Documentos/NetBeansProjects/Basedatos2/web/index.html</file>
            <file>file:/C:/Users/maxim/OneDrive/Documentos/NetBeansProjects/Basedatos2/web/Web.jsp</file>
            <file>file:/C:/Users/maxim/OneDrive/Documentos/NetBeansProjects/Basedatos2/src/java/mrysi/beans/Curso_escolar.java</file>
        </group>
    </open-files>
</project-private>
