<?xml version="1.0" encoding="UTF-8"?>
<project-private xmlns="http://www.netbeans.org/ns/project-private/1">
    <editor-bookmarks xmlns="http://www.netbeans.org/ns/editor-bookmarks/2" lastBookmarkId="0"/>
    <open-files xmlns="http://www.netbeans.org/ns/projectui-open-files/2">
        <group>
            <file>file:/C:/Users/maxim/OneDrive/Documentos/NetBeansProjects/Comprension_DAO/src/java/Clases/DAOImp.java</file>
            <file>file:/C:/Users/maxim/OneDrive/Documentos/NetBeansProjects/Comprension_DAO/src/java/Servlet/Agregar.java</file>
            <file>file:/C:/Users/maxim/OneDrive/Documentos/NetBeansProjects/Comprension_DAO/src/java/Servlet/Leer.java</file>
            <file>file:/C:/Users/maxim/OneDrive/Documentos/NetBeansProjects/Comprension_DAO/src/java/Clases/Grado.java</file>
            <file>file:/C:/Users/maxim/OneDrive/Documentos/NetBeansProjects/Comprension_DAO/web/leer.jsp</file>
            <file>file:/C:/Users/maxim/OneDrive/Documentos/NetBeansProjects/Comprension_DAO/src/java/Clases/Conexion.java</file>
            <file>file:/C:/Users/maxim/OneDrive/Documentos/NetBeansProjects/Comprension_DAO/web/borrar.jsp</file>
            <file>file:/C:/Users/maxim/OneDrive/Documentos/NetBeansProjects/Comprension_DAO/web/agregar.jsp</file>
            <file>file:/C:/Users/maxim/OneDrive/Documentos/NetBeansProjects/Comprension_DAO/src/java/Clases/DAO.java</file>
            <file>file:/C:/Users/maxim/OneDrive/Documentos/NetBeansProjects/Comprension_DAO/src/java/Servlet/Borrar.java</file>
            <file>file:/C:/Users/maxim/OneDrive/Documentos/NetBeansProjects/Comprension_DAO/src/java/Servlet/Actualizar.java</file>
            <file>file:/C:/Users/maxim/OneDrive/Documentos/NetBeansProjects/Comprension_DAO/web/actualizar.jsp</file>
        </group>
    </open-files>
</project-private>
